occupation,occupation_en,participant_role,participant_role_en,term_set,narrator_position,distractor_level,intro_vi,intro_en,distractor_1_vi,distractor_1_en,distractor_2_vi,distractor_2_en,distractor_3_vi,distractor_3_en,distractor_4_vi,distractor_4_en,distractor_5_vi,distractor_5_en,target_vi,target_en,correct_answer
chuyên viên vệ sinh răng miệng,N/A,bệnh nhân,N/A,bà,unspecified,0,Người chuyên viên vệ sinh răng miệng cảm thấy sảng khoái; giấc ngủ của bà rất sâu.,N/A,,,,,,,,,,,Người bệnh nhân cần cà phê vì ngày của ông đã bắt đầu rất sớm. Bữa ăn cuối của ông đã cách đây nhiều giờ. Chuyên viên vệ sinh răng miệng nói rằng găng tay của ___ hoàn toàn vô khuẩn.,N/A,bà
nhân viên pha chế,N/A,khách hàng,N/A,em,unspecified,0,Người nhân viên pha chế nén một cái ngáp; em cảm thấy mệt mỏi.,N/A,,,,,,,,,,,Người khách hàng no vì một bữa thịnh soạn đã làm bà no bụng. Nhân viên pha chế pha đồ uống mạnh để ___ nhận được tiền típ nhiều hơn.,N/A,em
thợ bánh,N/A,khách hàng,N/A,ông,unspecified,0,Người thợ bánh cần cà phê vì ngày của ông đã bắt đầu rất sớm.,N/A,,,,,,,,,,,Người khách hàng cảm thấy sảng khoái; giấc ngủ của cô rất sâu. Ngày của cô đang diễn ra tốt đẹp. Dạ dày của cô đã no. Thợ bánh có gợi ý về những chiếc bánh nào của ___ phù hợp nhất cho dịp đó.,N/A,ông
kiến trúc sư,N/A,học sinh/sinh viên,N/A,cô,unspecified,0,Người kiến trúc sư chưa ăn gì trong nhiều giờ và cơn đói bắt đầu hành cô.,N/A,,,,,,,,,,,Người học sinh/sinh viên vui vì đôi giày mới vừa vặn với chanh. Ngày hôm nay đang diễn ra tốt đẹp cho chanh. Chanh đang có một ngày tốt lành. Chanh vừa ăn một bữa thịnh soạn. Chanh cảm thấy tràn đầy năng lượng. Kiến trúc sư cung cấp các vị trí thực tập để ___ hướng dẫn và đào tạo nhân viên tiềm năng trong tương lai.,N/A,cô
thợ bánh,N/A,khách hàng,N/A,chú,unspecified,0,Người thợ bánh cảm thấy tràn đầy năng lượng vì một giấc ngủ ngon đã làm chú sảng khoái.,N/A,,,,,,,,,,,Người khách hàng không vui vì đôi giày mới không vừa với nó. Cơn đói bắt đầu hành nó. Đêm qua quá ngắn đối với nó. Thợ bánh nhận đơn đặt bánh socola dù ___ có đánh giá xấu trực tuyến.,N/A,chú
dược sĩ,N/A,bệnh nhân,N/A,em,unspecified,0,Người dược sĩ vừa ăn một bữa thịnh soạn nên dạ dày của em đã no.,N/A,,,,,,,,,,,Người bệnh nhân nghĩ rằng ngày của ông đang diễn ra không tốt. Bữa ăn cuối của ông đã cách đây nhiều giờ. Dược sĩ nói hãy tuân thủ nghiêm túc hướng dẫn của ___.,N/A,em
bác sĩ nội khoa,N/A,bệnh nhân,N/A,chị,unspecified,0,Người bác sĩ nội khoa vui vì chị đã đi giày thoải mái.,N/A,,,,,,,,,,,Bác sĩ nội khoa nói rằng ___ không thể kê đơn liều cao hơn một cách an toàn.,N/A,chị
thu ngân,N/A,khách hàng,N/A,chị,unspecified,0,Người thu ngân cần cà phê vì chị đã dậy rất sớm.,N/A,,,,,,,,,,,Người khách hàng no vì một bữa thịnh soạn đã làm bà no bụng. Ngày hôm nay đang diễn ra tốt đẹp cho bà. Thu ngân nói rằng ___ không thể chấp nhận thẻ tín dụng cho các giao dịch dưới mười đô la.,N/A,chị
y tá,N/A,bệnh nhân,N/A,chú,unspecified,0,Người y tá không vui vì giày của chú quá chật.,N/A,,,,,,,,,,,Người bệnh nhân vừa uống cà phê vì ngày của chanh bắt đầu muộn. Giấc ngủ của chanh rất sâu. Dạ dày của chanh đã no. Y tá nói rằng ca làm việc của ___ sẽ kết thúc sau một giờ nữa.,N/A,chú
chuyên viên y tế,N/A,bệnh nhân,N/A,em,unspecified,0,Người chuyên viên y tế nghĩ rằng ngày của em đang diễn ra không tốt.,N/A,,,,,,,,,,,Người bệnh nhân vui vì giày của hắn rất thoải mái. Giấc ngủ của hắn rất sâu. Dạ dày của hắn đã no. Ngày của hắn đang diễn ra tốt đẹp. Ngày của hắn bắt đầu muộn. Chuyên viên y tế đưa ra ý kiến y khoa của ___.,N/A,em
cố vấn viên,N/A,bệnh nhân,N/A,chị,unspecified,0,Người cố vấn viên nghĩ rằng ngày hôm nay đang diễn ra tốt đẹp cho chị.,N/A,,,,,,,,,,,Người bệnh nhân nén một cái ngáp; anh cảm thấy mệt mỏi. Cố vấn viên nói rằng ___ có trách nhiệm chính thức phải báo cáo một số vấn đề.,N/A,chị
nhà hóa học,N/A,khách thăm,N/A,chú,unspecified,0,Người nhà hóa học nén một cái ngáp; giấc ngủ của chú không yên.,N/A,,,,,,,,,,,Người khách thăm vui vì giày của anh rất thoải mái. Dạ dày của anh đã no. Ngày của anh bắt đầu muộn. Nhà hóa học nói rằng phòng thí nghiệm của ___ chứa nhiều loại hóa chất.,N/A,chú
bác sĩ phẫu thuật,N/A,trẻ em,N/A,chú,unspecified,0,Người bác sĩ phẫu thuật nén một cái ngáp; chú cảm thấy mệt mỏi.,N/A,,,,,,,,,,,Người trẻ em nghĩ rằng em đang có một ngày tốt lành. Bác sĩ phẫu thuật được hỏi liệu ___ có kẹo mút không.,N/A,chú
nhân viên pha chế,N/A,khách hàng,N/A,nó,unspecified,0,Người nhân viên pha chế cảm thấy tràn đầy năng lượng; nó đã ngủ sâu giấc.,N/A,,,,,,,,,,,Nhân viên pha chế pha đồ uống mạnh để ___ nhận được tiền típ nhiều hơn.,N/A,nó
thư ký,N/A,khách thăm,N/A,hắn,unspecified,0,Người thư ký vui vì giày của hắn rất thoải mái.,N/A,,,,,,,,,,,Người khách thăm đói vì bữa ăn cuối của bà đã cách đây nhiều giờ. Ngày của bà đã bắt đầu rất sớm. Thư ký nói rằng sếp của ___ sẽ đến họp ngay sau đây.,N/A,hắn
chuyên gia dinh dưỡng lâm sàng,N/A,khách hàng,N/A,nó,unspecified,0,Người chuyên gia dinh dưỡng lâm sàng đói vì nó chưa ăn gì trong nhiều giờ.,N/A,,,,,,,,,,,Người khách hàng vui vì đôi giày mới vừa vặn với ông. Ông đã đi giày thoải mái. Ngày hôm nay đang diễn ra tốt đẹp cho ông. Đã muộn đối với ông. Một giấc ngủ ngon đã làm ông sảng khoái. Chuyên gia dinh dưỡng lâm sàng khuyến khích dùng nhật ký ăn uống để ___ quyết định nên khuyên dùng thực phẩm bổ sung nào.,N/A,nó
nhà tâm lý học,N/A,bệnh nhân,N/A,ông,unspecified,0,Người nhà tâm lý học nghĩ rằng ông đang có một ngày tốt lành.,N/A,,,,,,,,,,,Người bệnh nhân không vui vì hắn đã đi giày không thoải mái. Hắn đã dậy rất sớm. Nhà tâm lý học có bảng câu hỏi để ___ có thể thực hiện đánh giá sơ bộ.,N/A,ông
thủ thư,N/A,trẻ em,N/A,nó,unspecified,0,Người thủ thư đói vì bữa ăn cuối của nó đã cách đây nhiều giờ.,N/A,,,,,,,,,,,Người trẻ em vừa uống cà phê vì ngày của bà bắt đầu muộn. Ngày của bà đang diễn ra tốt đẹp. Giấc ngủ của bà rất sâu. Giày của bà rất thoải mái. Thủ thư thích giới thiệu những cuốn sách fantasy yêu thích của ___.,N/A,nó
thu ngân,N/A,khách hàng,N/A,chị,unspecified,0,Người thu ngân no vì chị vừa ăn một bữa thịnh soạn.,N/A,,,,,,,,,,,Người khách hàng cần cà phê vì cô đã dậy rất sớm. Thu ngân nói rằng ___ không thể chấp nhận thẻ tín dụng cho các giao dịch dưới mười đô la.,N/A,chị
thợ máy,N/A,trẻ em,N/A,nó,unspecified,0,Người thợ máy nghĩ rằng ngày của nó đang diễn ra không tốt.,N/A,,,,,,,,,,,Người trẻ em vừa ăn một bữa thịnh soạn nên dạ dày của em đã no. Giấc ngủ của em rất sâu. Giày của em rất thoải mái. Ngày của em bắt đầu muộn. Ngày của em đang diễn ra tốt đẹp. Thợ máy nói rằng sự hiện diện của ___ là bắt buộc mỗi khi máy đang hoạt động.,N/A,nó
nhà hóa học,N/A,khách thăm,N/A,nó,unspecified,0,Người nhà hóa học cảm thấy sảng khoái; giấc ngủ của nó rất sâu.,N/A,,,,,,,,,,,Người khách thăm nghĩ rằng ngày của cô đang diễn ra không tốt. Giấc ngủ của cô không yên. Ngày của cô đã bắt đầu rất sớm. Giày của cô quá chật. Bữa ăn cuối của cô đã cách đây nhiều giờ. Nhà hóa học nói rằng phòng thí nghiệm của ___ chứa nhiều loại hóa chất.,N/A,nó
nhà hóa học,N/A,khách thăm,N/A,em,unspecified,0,Người nhà hóa học nén một cái ngáp; giấc ngủ của em không yên.,N/A,,,,,,,,,,,Nhà hóa học nói rằng phòng thí nghiệm của ___ chứa nhiều loại hóa chất.,N/A,em
thợ bánh,N/A,khách hàng,N/A,nó,unspecified,0,Người thợ bánh cần cà phê vì nó đã dậy rất sớm.,N/A,,,,,,,,,,,Người khách hàng no vì ông vừa ăn một bữa thịnh soạn. Thợ bánh nhận đơn đặt bánh socola dù ___ có đánh giá xấu trực tuyến.,N/A,nó
giảng viên,N/A,học sinh/sinh viên,N/A,chị,unspecified,0,Người giảng viên cần cà phê vì ngày của chị đã bắt đầu rất sớm.,N/A,,,,,,,,,,,Người học sinh/sinh viên vui vì giày của em rất thoải mái. Ngày của em bắt đầu muộn. Dạ dày của em đã no. Giấc ngủ của em rất sâu. Ngày của em đang diễn ra tốt đẹp. Giảng viên khuyến nghị tham dự giờ tiếp sinh viên của ___.,N/A,chị
bác sĩ thú y,N/A,chủ sở hữu,N/A,hắn,unspecified,0,Người bác sĩ thú y vui vì hắn đã đi giày thoải mái.,N/A,,,,,,,,,,,Người chủ sở hữu cần cà phê vì nó đã dậy rất sớm. Cơn đói bắt đầu hành nó. Đôi giày mới không vừa với nó. Còn rất sớm đối với nó. Bác sĩ thú y nói rằng ___ không làm việc vào cuối tuần.,N/A,hắn
bác sĩ giải phẫu bệnh,N/A,nạn nhân,N/A,chanh,unspecified,0,Người bác sĩ giải phẫu bệnh cảm thấy sảng khoái; giấc ngủ của chanh rất sâu.,N/A,,,,,,,,,,,Người nạn nhân nghĩ rằng ngày của hắn đang diễn ra không tốt. Bữa ăn cuối của hắn đã cách đây nhiều giờ. Giày của hắn quá chật. Ngày của hắn đã bắt đầu rất sớm. Bác sĩ giải phẫu bệnh thu thập mẫu mô để phục vụ báo cáo của ___ về vụ ngộ độc.,N/A,chanh
thợ điện,N/A,chủ nhà,N/A,anh,unspecified,0,Người thợ điện vừa ăn một bữa thịnh soạn nên dạ dày của anh đã no.,N/A,,,,,,,,,,,Người chủ nhà nén một cái ngáp; giấc ngủ của chú không yên. Thợ điện chỉ ra rằng giá theo giờ của ___ chưa bao gồm chi phí bóng đèn.,N/A,anh
quản lý,N/A,khách hàng,N/A,chị,unspecified,0,Người quản lý vừa ăn một bữa thịnh soạn nên dạ dày của chị đã no.,N/A,,,,,,,,,,,Quản lý đã theo dõi vụ lỗi thanh toán của nhà hàng ___.,N/A,chị
bác sĩ nội khoa,N/A,bệnh nhân,N/A,chị,unspecified,0,Người bác sĩ nội khoa cảm thấy sảng khoái; giấc ngủ của chị rất sâu.,N/A,,,,,,,,,,,Bác sĩ nội khoa giải thích tại sao văn phòng của ___ không thể thực hiện loại xét nghiệm này.,N/A,chị
chuyên gia dinh dưỡng,N/A,bệnh nhân,N/A,em,unspecified,0,Người chuyên gia dinh dưỡng cần cà phê vì ngày của em đã bắt đầu rất sớm.,N/A,,,,,,,,,,,"Người bệnh nhân vừa ăn một bữa thịnh soạn nên dạ dày của cô đã no. Giày của cô rất thoải mái. Chuyên gia dinh dưỡng giải thích rằng theo niềm tin của ___, chế độ ăn và tập thể dục quan trọng như nhau.",N/A,em
luật sư,N/A,nhân chứng,N/A,nó,unspecified,0,Người luật sư nghĩ rằng ngày của nó đang diễn ra không tốt.,N/A,,,,,,,,,,,Luật sư tiến hành thẩm vấn cho đến khi các câu hỏi của ___ được trả lời.,N/A,nó
quản trị viên,N/A,sinh viên đại học,N/A,em,unspecified,0,Người quản trị viên không vui vì đôi giày mới không vừa với em.,N/A,,,,,,,,,,,Người sinh viên đại học cảm thấy tràn đầy năng lượng; ông đã ngủ sâu giấc. Một bữa thịnh soạn đã làm ông no bụng. Quản trị viên nhận được đơn kiến nghị mà ___ không hay biết.,N/A,em
kế toán viên,N/A,người nộp thuế,N/A,chú,unspecified,0,Người kế toán viên đói vì bữa ăn cuối của chú đã cách đây nhiều giờ.,N/A,,,,,,,,,,,Người người nộp thuế vừa uống cà phê vì ngày của ông bắt đầu muộn. Giày của ông rất thoải mái. Ngày của ông đang diễn ra tốt đẹp. Dạ dày của ông đã no. Giấc ngủ của ông rất sâu. Kế toán viên được hỏi về mức phí của ___ cho việc lập tờ khai thuế.,N/A,chú
thẩm định viên,N/A,người mua,N/A,em,unspecified,0,Người thẩm định viên cần cà phê vì ngày của em đã bắt đầu rất sớm.,N/A,,,,,,,,,,,Người người mua vừa ăn một bữa thịnh soạn nên dạ dày của bà đã no. Giày của bà rất thoải mái. Ngày của bà đang diễn ra tốt đẹp. Ngày của bà bắt đầu muộn. Giấc ngủ của bà rất sâu. Thẩm định viên đưa ra ước tính của ___ về giá trị bức tranh.,N/A,em
giảng viên,N/A,học sinh/sinh viên,N/A,chanh,unspecified,0,Người giảng viên chưa ăn gì trong nhiều giờ và cơn đói bắt đầu hành chanh.,N/A,,,,,,,,,,,Người học sinh/sinh viên cảm thấy tràn đầy năng lượng vì một giấc ngủ ngon đã làm ông sảng khoái. Một bữa thịnh soạn đã làm ông no bụng. Giảng viên khuyến nghị hỏi thêm để ___ hiểu được những khái niệm nào cần giải thích lại.,N/A,chanh
dược sĩ,N/A,bệnh nhân,N/A,nó,unspecified,0,Người dược sĩ không vui vì đôi giày mới không vừa với nó.,N/A,,,,,,,,,,,Người bệnh nhân cảm thấy tràn đầy năng lượng; chanh đã ngủ sâu giấc. Đã muộn đối với chanh. Chanh đã ngủ nướng. Chanh đang có một ngày tốt lành. Đôi giày mới vừa vặn với chanh. Dược sĩ có tờ thông tin về thuốc để ___ giải thích các tác dụng phụ.,N/A,nó
giám khảo viên,N/A,thực tập sinh,N/A,cô,unspecified,0,Người giám khảo viên nghĩ rằng ngày của cô đang diễn ra không tốt.,N/A,,,,,,,,,,,Người thực tập sinh vừa ăn một bữa thịnh soạn nên dạ dày của chanh đã no. Giám khảo viên đưa ra phản hồi của ___ về báo cáo mổ tử thi.,N/A,cô
lập trình viên,N/A,học sinh/sinh viên,N/A,cô,unspecified,0,Người lập trình viên không vui vì đôi giày mới không vừa với cô.,N/A,,,,,,,,,,,Người học sinh/sinh viên no vì một bữa thịnh soạn đã làm chú no bụng. Ngày hôm nay đang diễn ra tốt đẹp cho chú. Đôi giày mới vừa vặn với chú. Lập trình viên tình nguyện dạy kỹ năng lập trình vì ___ muốn tích đức.,N/A,cô
môi giới,N/A,khách hàng,N/A,hắn,unspecified,0,Người môi giới nén một cái ngáp; giấc ngủ của hắn không yên.,N/A,,,,,,,,,,,Người khách hàng nghĩ rằng ngày của cô đang diễn ra tốt đẹp. Giấc ngủ của cô rất sâu. Môi giới muốn biết liệu các gợi ý cổ phiếu của ___ có hữu ích không.,N/A,hắn
y tá,N/A,bệnh nhân,N/A,bà,unspecified,0,Người y tá nén một cái ngáp; giấc ngủ của bà không yên.,N/A,,,,,,,,,,,Người bệnh nhân nghĩ rằng ngày của nó đang diễn ra tốt đẹp. Giấc ngủ của nó rất sâu. Dạ dày của nó đã no. Giày của nó rất thoải mái. Ngày của nó bắt đầu muộn. Y tá nói rằng ca làm việc của ___ sẽ kết thúc sau một giờ nữa.,N/A,bà
lính cứu hỏa,N/A,trẻ em,N/A,chanh,unspecified,0,Người lính cứu hỏa cảm thấy sảng khoái; giấc ngủ của chanh rất sâu.,N/A,,,,,,,,,,,Người trẻ em đói vì bữa ăn cuối của bà đã cách đây nhiều giờ. Giấc ngủ của bà không yên. Ngày của bà đang diễn ra không tốt. Lính cứu hỏa đã có bài nói chuyện về những khó khăn trong công việc của ___.,N/A,chanh
điều tra viên,N/A,nhân chứng,N/A,em,unspecified,0,Người điều tra viên cần cà phê vì ngày của em đã bắt đầu rất sớm.,N/A,,,,,,,,,,,Điều tra viên lắng nghe lời khai nhưng trực giác của ___ mách bảo rằng có gì đó không ổn.,N/A,em
thợ mộc,N/A,người xem,N/A,bà,unspecified,0,Người thợ mộc không vui vì đôi giày mới không vừa với bà.,N/A,,,,,,,,,,,Người người xem no vì một bữa thịnh soạn đã làm hắn no bụng. Ngày hôm nay đang diễn ra tốt đẹp cho hắn. Hắn đã ngủ nướng. Hắn đã đi giày thoải mái. Thợ mộc nói về công việc để ___ được ghi nhận.,N/A,bà
nhân viên cấp cứu,N/A,hành khách,N/A,chanh,unspecified,0,Người nhân viên cấp cứu cần cà phê vì ngày của chanh đã bắt đầu rất sớm.,N/A,,,,,,,,,,,Người hành khách nghĩ rằng ngày của hắn đang diễn ra tốt đẹp. Dạ dày của hắn đã no. Giày của hắn rất thoải mái. Ngày của hắn bắt đầu muộn. Giấc ngủ của hắn rất sâu. Nhân viên cấp cứu có thể thực hiện hô hấp nhân tạo nhờ vào quá trình đào tạo của ___.,N/A,chanh
quản lý,N/A,khách hàng,N/A,bà,unspecified,0,Người quản lý vừa uống cà phê vì ngày của bà bắt đầu muộn.,N/A,,,,,,,,,,,Quản lý đã theo dõi vụ lỗi thanh toán của nhà hàng ___.,N/A,bà
đầu bếp,N/A,thực khách,N/A,cô,unspecified,0,Người đầu bếp vừa uống cà phê vì ngày của cô bắt đầu muộn.,N/A,,,,,,,,,,,Người thực khách đói vì bữa ăn cuối của anh đã cách đây nhiều giờ. Giày của anh quá chật. Giấc ngủ của anh không yên. Ngày của anh đã bắt đầu rất sớm. Ngày của anh đang diễn ra không tốt. Đầu bếp nói rằng nhà hàng của ___ mới vừa khai trương.,N/A,cô
thu ngân,N/A,khách hàng,N/A,chú,unspecified,0,Người thu ngân cần cà phê vì ngày của chú đã bắt đầu rất sớm.,N/A,,,,,,,,,,,Người khách hàng nghĩ rằng ngày của cô đang diễn ra tốt đẹp. Giày của cô rất thoải mái. Dạ dày của cô đã no. Giấc ngủ của cô rất sâu. Ngày của cô bắt đầu muộn. Thu ngân nói rằng ca làm việc của ___ sắp kết thúc.,N/A,chú
chuyên viên y tế,N/A,bệnh nhân,N/A,nó,unspecified,0,Người chuyên viên y tế chưa ăn gì trong nhiều giờ và cơn đói bắt đầu hành nó.,N/A,,,,,,,,,,,Người bệnh nhân vừa uống cà phê vì chanh đã ngủ nướng. Đôi giày mới vừa vặn với chanh. Một giấc ngủ ngon đã làm chanh sảng khoái. Ngày hôm nay đang diễn ra tốt đẹp cho chanh. Chanh đang có một ngày tốt lành. Chuyên viên y tế đã khám kỹ lưỡng để ___ có thể đưa ra chẩn đoán.,N/A,nó
điều tra viên,N/A,nhân chứng,N/A,anh,unspecified,0,Người điều tra viên chưa ăn gì trong nhiều giờ và cơn đói bắt đầu hành anh.,N/A,,,,,,,,,,,Người nhân chứng cảm thấy tràn đầy năng lượng vì một giấc ngủ ngon đã làm cô sảng khoái. Điều tra viên đã gọi nhiều lần nhưng ___ liên tục không nhận được phản hồi.,N/A,anh
thủ thư,N/A,trẻ em,N/A,nó,unspecified,0,Người thủ thư đói vì nó chưa ăn gì trong nhiều giờ.,N/A,,,,,,,,,,,Thủ thư chọn sách vì ___ thích khuyến khích việc đọc sách.,N/A,nó
điều tra viên,N/A,nhân chứng,N/A,chanh,unspecified,0,Người điều tra viên cần cà phê vì ngày của chanh đã bắt đầu rất sớm.,N/A,,,,,,,,,,,Người nhân chứng vừa ăn một bữa thịnh soạn nên dạ dày của cô đã no. Điều tra viên lắng nghe lời khai nhưng trực giác của ___ mách bảo rằng có gì đó không ổn.,N/A,chanh
giáo viên,N/A,học sinh/sinh viên,N/A,chú,unspecified,0,Người giáo viên chưa ăn gì trong nhiều giờ và cơn đói bắt đầu hành chú.,N/A,,,,,,,,,,,Giáo viên được hỏi liệu ___ có thể gia hạn bài tập không.,N/A,chú
họa sĩ,N/A,khách hàng,N/A,chú,unspecified,0,Người họa sĩ cần cà phê vì chú đã dậy rất sớm.,N/A,,,,,,,,,,,Người khách hàng no vì ông vừa ăn một bữa thịnh soạn. Họa sĩ đã bán toàn bộ bộ sưu tập tranh vì ___ phải đóng cửa phòng triển lãm.,N/A,chú
nhân viên cấp cứu,N/A,hành khách,N/A,nó,unspecified,0,Người nhân viên cấp cứu cần cà phê vì ngày của nó đã bắt đầu rất sớm.,N/A,,,,,,,,,,,Người hành khách vui vì giày của em rất thoải mái. Ngày của em bắt đầu muộn. Dạ dày của em đã no. Ngày của em đang diễn ra tốt đẹp. Nhân viên cấp cứu có thể thực hiện hô hấp nhân tạo nhờ vào quá trình đào tạo của ___.,N/A,nó
cảnh sát viên,N/A,người biểu tình,N/A,hắn,unspecified,0,Người cảnh sát viên vui vì hắn đã đi giày thoải mái.,N/A,,,,,,,,,,,Người người biểu tình cần cà phê vì chị đã dậy rất sớm. Cảnh sát viên đã thực hiện vụ bắt giữ dù ___ đang được nghỉ.,N/A,hắn
kiến trúc sư,N/A,học sinh/sinh viên,N/A,anh,unspecified,0,Người kiến trúc sư nghĩ rằng ngày của anh đang diễn ra tốt đẹp.,N/A,,,,,,,,,,,Người học sinh/sinh viên nén một cái ngáp; giấc ngủ của chị không yên. Kiến trúc sư sẵn lòng thảo luận về lộ trình sự nghiệp của ___.,N/A,anh
thợ máy,N/A,trẻ em,N/A,bà,unspecified,0,Người thợ máy nghĩ rằng ngày hôm nay đang diễn ra không tốt cho bà.,N/A,,,,,,,,,,,Người trẻ em cảm thấy tràn đầy năng lượng; em đã ngủ sâu giấc. Em vừa ăn một bữa thịnh soạn. Một bữa thịnh soạn đã làm em no bụng. Em đã ngủ nướng. Thợ máy nói rằng ___ không thể giám sát người lớn khi sử dụng máy cắt laser.,N/A,bà
giám khảo viên,N/A,thực tập sinh,N/A,ông,unspecified,0,Người giám khảo viên vừa ăn một bữa thịnh soạn nên dạ dày của ông đã no.,N/A,,,,,,,,,,,Người thực tập sinh không vui vì giày của chú quá chật. Giấc ngủ của chú không yên. Ngày của chú đã bắt đầu rất sớm. Bữa ăn cuối của chú đã cách đây nhiều giờ. Giám khảo viên đưa ra phản hồi của ___ về báo cáo mổ tử thi.,N/A,ông
cảnh sát viên,N/A,người biểu tình,N/A,cô,unspecified,0,Người cảnh sát viên cảm thấy sảng khoái; giấc ngủ của cô rất sâu.,N/A,,,,,,,,,,,Người người biểu tình không vui vì giày của em quá chật. Giấc ngủ của em không yên. Ngày của em đã bắt đầu rất sớm. Bữa ăn cuối của em đã cách đây nhiều giờ. Ngày của em đang diễn ra không tốt. Cảnh sát viên nói rằng đó là nhiệm vụ của ___ để duy trì trật tự.,N/A,cô
nhà quy hoạch,N/A,cư dân,N/A,anh,unspecified,0,Người nhà quy hoạch nghĩ rằng anh đang có một ngày tốt lành.,N/A,,,,,,,,,,,Người cư dân nén một cái ngáp; em cảm thấy mệt mỏi. Em đã dậy rất sớm. Em chưa ăn gì trong nhiều giờ. Em đã đi giày không thoải mái. Ngày hôm nay đang diễn ra không tốt cho em. Nhà quy hoạch có các cuộc họp định kỳ để ___ nhận phản hồi về tuyến xe buýt mới qua khu phố.,N/A,anh
môi giới,N/A,khách hàng,N/A,bà,unspecified,0,Người môi giới vui vì giày của bà rất thoải mái.,N/A,,,,,,,,,,,Người khách hàng cần cà phê vì ngày của anh đã bắt đầu rất sớm. Giấc ngủ của anh không yên. Bữa ăn cuối của anh đã cách đây nhiều giờ. Môi giới muốn biết liệu các gợi ý cổ phiếu của ___ có hữu ích không.,N/A,bà
kỹ thuật viên,N/A,khách hàng,N/A,em,unspecified,0,Người kỹ thuật viên nghĩ rằng em đang có một ngày tốt lành.,N/A,,,,,,,,,,,Người khách hàng không vui vì nó đã đi giày không thoải mái. Nó chưa ăn gì trong nhiều giờ. Cơn đói bắt đầu hành nó. Ngày hôm nay đang diễn ra không tốt cho nó. Kỹ thuật viên đã gọi điện để ___ truyền đạt rằng việc sửa chữa đã xong.,N/A,em
thợ điện,N/A,chủ nhà,N/A,chú,unspecified,0,Người thợ điện vừa ăn một bữa thịnh soạn nên dạ dày của chú đã no.,N/A,,,,,,,,,,,Người chủ nhà nén một cái ngáp; giấc ngủ của nó không yên. Ngày của nó đã bắt đầu rất sớm. Ngày của nó đang diễn ra không tốt. Bữa ăn cuối của nó đã cách đây nhiều giờ. Thợ điện chỉ ra rằng giá theo giờ của ___ chưa bao gồm chi phí bóng đèn.,N/A,chú
công nhân,N/A,người đi bộ,N/A,nó,unspecified,0,Người công nhân vừa uống cà phê vì ngày của nó bắt đầu muộn.,N/A,,,,,,,,,,,Người người đi bộ nghĩ rằng ngày của ông đang diễn ra không tốt. Ngày của ông đã bắt đầu rất sớm. Bữa ăn cuối của ông đã cách đây nhiều giờ. Giấc ngủ của ông không yên. Công nhân cần không bị làm phiền để công việc của ___ tiếp tục.,N/A,nó
lính cứu hỏa,N/A,trẻ em,N/A,chị,unspecified,0,Người lính cứu hỏa cảm thấy sảng khoái; giấc ngủ của chị rất sâu.,N/A,,,,,,,,,,,Người trẻ em đói vì bữa ăn cuối của chú đã cách đây nhiều giờ. Giấc ngủ của chú không yên. Ngày của chú đã bắt đầu rất sớm. Lính cứu hỏa đã có bài nói chuyện về những khó khăn trong công việc của ___.,N/A,chị
nhân viên văn phòng,N/A,khách hàng,N/A,anh,unspecified,0,Người nhân viên văn phòng vừa ăn một bữa thịnh soạn nên dạ dày của anh đã no.,N/A,,,,,,,,,,,Người khách hàng nghĩ rằng ngày của ông đang diễn ra không tốt. Ngày của ông đã bắt đầu rất sớm. Giày của ông quá chật. Bữa ăn cuối của ông đã cách đây nhiều giờ. Giấc ngủ của ông không yên. Nhân viên văn phòng yêu cầu trả lại bút của ___.,N/A,anh
thợ mộc,N/A,người xem,N/A,hắn,unspecified,0,Người thợ mộc nghĩ rằng ngày hôm nay đang diễn ra tốt đẹp cho hắn.,N/A,,,,,,,,,,,Thợ mộc nói rằng ___ đã làm việc ở ngôi nhà đó được ba tuần.,N/A,hắn
thợ tóc,N/A,khách hàng,N/A,cô,unspecified,0,Người thợ tóc đói vì bữa ăn cuối của cô đã cách đây nhiều giờ.,N/A,,,,,,,,,,,Người khách hàng cảm thấy sảng khoái; giấc ngủ của chị rất sâu. Ngày của chị đang diễn ra tốt đẹp. Dạ dày của chị đã no. Giày của chị rất thoải mái. Ngày của chị bắt đầu muộn. Thợ tóc nghĩ đến việc thay đổi danh mục dịch vụ nhuộm tóc của ___.,N/A,cô
thợ máy,N/A,trẻ em,N/A,anh,unspecified,0,Người thợ máy vừa ăn một bữa thịnh soạn nên dạ dày của anh đã no.,N/A,,,,,,,,,,,Người trẻ em nén một cái ngáp; giấc ngủ của cô không yên. Thợ máy nói rằng sự hiện diện của ___ là bắt buộc mỗi khi máy đang hoạt động.,N/A,anh
luật sư,N/A,nhân chứng,N/A,nó,unspecified,0,Người luật sư vừa uống cà phê vì nó đã ngủ nướng.,N/A,,,,,,,,,,,Người nhân chứng nén một cái ngáp; chanh cảm thấy mệt mỏi. Còn rất sớm đối với chanh. Chanh đã dậy rất sớm. Luật sư tiến hành thẩm vấn để ___ tìm ra sự thật.,N/A,nó
chuyên gia,N/A,bệnh nhân,N/A,hắn,unspecified,0,Người chuyên gia vui vì giày của hắn rất thoải mái.,N/A,,,,,,,,,,,Người bệnh nhân đói vì bữa ăn cuối của nó đã cách đây nhiều giờ. Ngày của nó đang diễn ra không tốt. Chuyên gia viết danh sách hướng dẫn của ___ về việc dùng thuốc mới.,N/A,hắn
nhân viên văn phòng,N/A,khách hàng,N/A,bà,unspecified,0,Người nhân viên văn phòng nghĩ rằng bà đang có một ngày tốt lành.,N/A,,,,,,,,,,,Nhân viên văn phòng đã gửi giấy tờ để ___ đóng dấu khi hoàn tất.,N/A,bà
cảnh sát viên,N/A,người biểu tình,N/A,em,unspecified,0,Người cảnh sát viên cảm thấy tràn đầy năng lượng; em đã ngủ sâu giấc.,N/A,,,,,,,,,,,Cảnh sát viên nói rằng ___ nhất thiết phải bắt giữ tất cả những người phá hoại tài sản.,N/A,em
họa sĩ,N/A,khách hàng,N/A,hắn,unspecified,0,Người họa sĩ không vui vì hắn đã đi giày không thoải mái.,N/A,,,,,,,,,,,Người khách hàng cảm thấy tràn đầy năng lượng; anh đã ngủ sâu giấc. Anh đã ngủ nướng. Một giấc ngủ ngon đã làm anh sảng khoái. Anh vừa ăn một bữa thịnh soạn. Họa sĩ đã bán toàn bộ bộ sưu tập tranh vì ___ phải đóng cửa phòng triển lãm.,N/A,hắn
cảnh sát viên,N/A,người biểu tình,N/A,chanh,unspecified,0,Người cảnh sát viên cần cà phê vì ngày của chanh đã bắt đầu rất sớm.,N/A,,,,,,,,,,,Người người biểu tình vừa ăn một bữa thịnh soạn nên dạ dày của ông đã no. Giấc ngủ của ông rất sâu. Ngày của ông đang diễn ra tốt đẹp. Giày của ông rất thoải mái. Ngày của ông bắt đầu muộn. Cảnh sát viên nói rằng đó là nhiệm vụ của ___ để duy trì trật tự.,N/A,chanh
cố vấn,N/A,người được tư vấn,N/A,chú,unspecified,0,Người cố vấn nén một cái ngáp; chú cảm thấy mệt mỏi.,N/A,,,,,,,,,,,Người người được tư vấn no vì một bữa thịnh soạn đã làm chanh no bụng. Chanh cảm thấy tràn đầy năng lượng. Chanh đang có một ngày tốt lành. Chanh đã ngủ nướng. Chanh vừa ăn một bữa thịnh soạn. Cố vấn nhận bản nháp CV để ___ đưa ra phản hồi.,N/A,chú
cố vấn viên,N/A,bệnh nhân,N/A,chú,unspecified,0,Người cố vấn viên đói vì chú chưa ăn gì trong nhiều giờ.,N/A,,,,,,,,,,,Cố vấn viên nói rằng ___ có trách nhiệm chính thức phải báo cáo một số vấn đề.,N/A,chú
quản trị viên,N/A,sinh viên đại học,N/A,chanh,unspecified,0,Người quản trị viên vừa uống cà phê vì chanh đã ngủ nướng.,N/A,,,,,,,,,,,Người sinh viên đại học nén một cái ngáp; chị cảm thấy mệt mỏi. Còn rất sớm đối với chị. Quản trị viên nhận được đơn kiến nghị mà ___ không hay biết.,N/A,chanh
người giám sát,N/A,nhân viên,N/A,em,unspecified,0,Người người giám sát nén một cái ngáp; giấc ngủ của em không yên.,N/A,,,,,,,,,,,Người nhân viên vừa ăn một bữa thịnh soạn nên dạ dày của bà đã no. Ngày của bà đang diễn ra tốt đẹp. Ngày của bà bắt đầu muộn. Giấc ngủ của bà rất sâu. Giày của bà rất thoải mái. Người giám sát đã đưa ra phản hồi thẳng thắn của ___.,N/A,em
thợ điện,N/A,chủ nhà,N/A,anh,unspecified,0,Người thợ điện nghĩ rằng ngày hôm nay đang diễn ra không tốt cho anh.,N/A,,,,,,,,,,,Người chủ nhà cảm thấy tràn đầy năng lượng vì một giấc ngủ ngon đã làm chanh sảng khoái. Một bữa thịnh soạn đã làm chanh no bụng. Chanh đang có một ngày tốt lành. Thợ điện nói rằng ___ có thể cần thêm một ngày để hoàn thành việc đi lại dây điện trong nhà.,N/A,anh
giáo viên,N/A,học sinh/sinh viên,N/A,ông,unspecified,0,Người giáo viên nghĩ rằng ngày của ông đang diễn ra không tốt.,N/A,,,,,,,,,,,Người học sinh/sinh viên cảm thấy sảng khoái; giấc ngủ của chú rất sâu. Dạ dày của chú đã no. Giáo viên được hỏi liệu chính sách chấm điểm của ___ có nghiêm khắc không.,N/A,ông
thợ bánh,N/A,khách hàng,N/A,chú,unspecified,0,Người thợ bánh vui vì giày của chú rất thoải mái.,N/A,,,,,,,,,,,Người khách hàng nén một cái ngáp; giấc ngủ của chị không yên. Ngày của chị đang diễn ra không tốt. Ngày của chị đã bắt đầu rất sớm. Bữa ăn cuối của chị đã cách đây nhiều giờ. Giày của chị quá chật. Thợ bánh có gợi ý về những chiếc bánh nào của ___ phù hợp nhất cho dịp đó.,N/A,chú
lễ tân,N/A,khách thăm,N/A,anh,unspecified,0,Người lễ tân vừa uống cà phê vì anh đã ngủ nướng.,N/A,,,,,,,,,,,Người khách thăm đói vì chanh chưa ăn gì trong nhiều giờ. Lễ tân được hỏi liệu ___ có thể ước tính thời gian chờ đợi không.,N/A,anh
lập trình viên,N/A,học sinh/sinh viên,N/A,bà,unspecified,0,Người lập trình viên không vui vì bà đã đi giày không thoải mái.,N/A,,,,,,,,,,,Người học sinh/sinh viên cảm thấy tràn đầy năng lượng vì một giấc ngủ ngon đã làm chị sảng khoái. Chị đang có một ngày tốt lành. Chị cảm thấy tràn đầy năng lượng. Chị đã đi giày thoải mái. Chị vừa ăn một bữa thịnh soạn. Lập trình viên dạy học để ___ tích đức.,N/A,bà
thợ tóc,N/A,khách hàng,N/A,bà,unspecified,0,Người thợ tóc nghĩ rằng ngày hôm nay đang diễn ra tốt đẹp cho bà.,N/A,,,,,,,,,,,Người khách hàng cần cà phê vì hắn đã dậy rất sớm. Đôi giày mới không vừa với hắn. Hắn đang trải qua một ngày tồi tệ. Thợ tóc giới thiệu một loại dầu gội mới vì ___ muốn giúp ích.,N/A,bà
công nhân,N/A,người đi bộ,N/A,hắn,unspecified,0,Người công nhân nghĩ rằng hắn đang có một ngày tốt lành.,N/A,,,,,,,,,,,Người người đi bộ cần cà phê vì còn rất sớm đối với anh. Anh cảm thấy mệt mỏi. Cơn đói bắt đầu hành anh. Công nhân nói rằng ___ sẽ sửa chữa vỉa hè nhanh nhất có thể.,N/A,hắn
bác sĩ,N/A,bệnh nhân,N/A,nó,unspecified,0,Người bác sĩ cảm thấy tràn đầy năng lượng vì một giấc ngủ ngon đã làm nó sảng khoái.,N/A,,,,,,,,,,,Người bệnh nhân chưa ăn gì trong nhiều giờ và cơn đói bắt đầu hành anh. Bác sĩ nói rằng ___ sẽ đi nghỉ vào tuần tới.,N/A,nó
nhà trị liệu,N/A,thanh thiếu niên,N/A,chanh,unspecified,0,Người nhà trị liệu cảm thấy tràn đầy năng lượng vì một giấc ngủ ngon đã làm chanh sảng khoái.,N/A,,,,,,,,,,,Người thanh thiếu niên cần cà phê vì nó đã dậy rất sớm. Cơn đói bắt đầu hành nó. Nhà trị liệu được yêu thích vì ___ có vẻ đáng tin cậy.,N/A,chanh
nhà hóa học,N/A,khách thăm,N/A,chanh,unspecified,0,Người nhà hóa học cảm thấy sảng khoái; giấc ngủ của chanh rất sâu.,N/A,,,,,,,,,,,Người khách thăm cần cà phê vì ngày của em đã bắt đầu rất sớm. Giày của em quá chật. Bữa ăn cuối của em đã cách đây nhiều giờ. Giấc ngủ của em không yên. Ngày của em đang diễn ra không tốt. Nhà hóa học nói rằng phòng thí nghiệm của ___ chứa nhiều loại hóa chất.,N/A,chanh
quản lý,N/A,khách hàng,N/A,ông,unspecified,0,Người quản lý đói vì ông chưa ăn gì trong nhiều giờ.,N/A,,,,,,,,,,,Người khách hàng cảm thấy tràn đầy năng lượng vì một giấc ngủ ngon đã làm cô sảng khoái. Đôi giày mới vừa vặn với cô. Cô đã đi giày thoải mái. Quản lý được gọi đến vì ___ có thể sửa lỗi thanh toán.,N/A,ông
y tá,N/A,bệnh nhân,N/A,chanh,unspecified,0,Người y tá vui vì đôi giày mới vừa vặn với chanh.,N/A,,,,,,,,,,,Người bệnh nhân cần cà phê vì chú đã dậy rất sớm. Y tá xin phép để ___ lấy mẫu máu.,N/A,chanh
thợ bánh,N/A,khách hàng,N/A,em,unspecified,0,Người thợ bánh nén một cái ngáp; giấc ngủ của em không yên.,N/A,,,,,,,,,,,Người khách hàng vui vì giày của chú rất thoải mái. Ngày của chú bắt đầu muộn. Giấc ngủ của chú rất sâu. Dạ dày của chú đã no. Ngày của chú đang diễn ra tốt đẹp. Thợ bánh có gợi ý về những chiếc bánh nào của ___ phù hợp nhất cho dịp đó.,N/A,em
nhà giáo dục,N/A,học sinh/sinh viên,N/A,nó,unspecified,0,Người nhà giáo dục vừa ăn một bữa thịnh soạn nên dạ dày của nó đã no.,N/A,,,,,,,,,,,Người học sinh/sinh viên nghĩ rằng ngày của chú đang diễn ra không tốt. Ngày của chú đã bắt đầu rất sớm. Nhà giáo dục có cuộc họp để thảo luận về chính sách chấm điểm của ___.,N/A,nó
kỹ thuật viên,N/A,khách hàng,N/A,hắn,unspecified,0,Người kỹ thuật viên vừa uống cà phê vì ngày của hắn bắt đầu muộn.,N/A,,,,,,,,,,,Người khách hàng nghĩ rằng ngày của chú đang diễn ra không tốt. Ngày của chú đã bắt đầu rất sớm. Bữa ăn cuối của chú đã cách đây nhiều giờ. Giày của chú quá chật. Giấc ngủ của chú không yên. Kỹ thuật viên được thông báo rằng chi phí của ___ quá cao.,N/A,hắn
môi giới,N/A,khách hàng,N/A,chị,unspecified,0,Người môi giới nén một cái ngáp; đêm qua quá ngắn đối với chị.,N/A,,,,,,,,,,,Người khách hàng vui vì đôi giày mới vừa vặn với bà. Một bữa thịnh soạn đã làm bà no bụng. Ngày hôm nay đang diễn ra tốt đẹp cho bà. Môi giới đã chuẩn bị một số danh mục cổ phiếu để ___ minh họa các lựa chọn đa dạng có sẵn.,N/A,chị
người giám sát,N/A,nhân viên,N/A,chanh,unspecified,0,Người người giám sát nghĩ rằng ngày của chanh đang diễn ra tốt đẹp.,N/A,,,,,,,,,,,Người nhân viên cần cà phê vì ngày của em đã bắt đầu rất sớm. Ngày của em đang diễn ra không tốt. Người giám sát đã đưa ra phản hồi thẳng thắn của ___.,N/A,chanh
điều tra viên,N/A,nhân chứng,N/A,em,unspecified,0,Người điều tra viên vui vì giày của em rất thoải mái.,N/A,,,,,,,,,,,Người nhân chứng cần cà phê vì ngày của anh đã bắt đầu rất sớm. Bữa ăn cuối của anh đã cách đây nhiều giờ. Giày của anh quá chật. Ngày của anh đang diễn ra không tốt. Giấc ngủ của anh không yên. Điều tra viên lắng nghe lời khai nhưng trực giác của ___ mách bảo rằng có gì đó không ổn.,N/A,em
bác sĩ nội khoa,N/A,bệnh nhân,N/A,ông,unspecified,0,Người bác sĩ nội khoa không vui vì ông đã đi giày không thoải mái.,N/A,,,,,,,,,,,Bác sĩ nội khoa cần chữ ký để ___ có thể tiêm vắc-xin.,N/A,ông
nhà giáo dục,N/A,học sinh/sinh viên,N/A,chú,unspecified,0,Người nhà giáo dục nén một cái ngáp; chú cảm thấy mệt mỏi.,N/A,,,,,,,,,,,Người học sinh/sinh viên no vì chị vừa ăn một bữa thịnh soạn. Chị đã ngủ nướng. Một giấc ngủ ngon đã làm chị sảng khoái. Nhà giáo dục có giờ tiếp sinh viên để ___ có thể giải đáp mọi thắc mắc.,N/A,chú
giám khảo viên,N/A,thực tập sinh,N/A,chanh,unspecified,0,Người giám khảo viên nén một cái ngáp; giấc ngủ của chanh không yên.,N/A,,,,,,,,,,,Người thực tập sinh vui vì giày của hắn rất thoải mái. Ngày của hắn bắt đầu muộn. Giám khảo viên đưa ra phản hồi của ___ về báo cáo mổ tử thi.,N/A,chanh
