occupation	participant	sentence	pronoun_type	word	pronoun	uid	confuse_pronoun	human_sentence
người giám sát	nhân viên	Người người giám sát nghĩ rằng ngày của chanh đang diễn ra tốt đẹp. Người nhân viên cần cà phê vì ngày của em đã bắt đầu rất sớm. Ngày của em đang diễn ra không tốt. Người giám sát đã đưa ra phản hồi thẳng thắn của $POSS_PRONOUN.	$POSS_PRONOUN	người giám sát	chanh	eo5_ep2_ip0	em	Người người giám sát nghĩ rằng ngày của chanh đang diễn ra tốt đẹp. Người nhân viên cần cà phê vì ngày của em đã bắt đầu rất sớm. Ngày của em đang diễn ra không tốt. Người giám sát đã đưa ra phản hồi thẳng thắn của ___.
nhà hóa học	khách thăm	Người nhà hóa học nghĩ rằng ngày của nó đang diễn ra không tốt. Người khách thăm vừa uống cà phê vì ngày của chú bắt đầu muộn. Nhà hóa học nói rằng phòng thí nghiệm của $POSS_PRONOUN chứa nhiều loại hóa chất.	$POSS_PRONOUN	nhà hóa học	nó	eo0_ep7	chú	Người nhà hóa học nghĩ rằng ngày của nó đang diễn ra không tốt. Người khách thăm vừa uống cà phê vì ngày của chú bắt đầu muộn. Nhà hóa học nói rằng phòng thí nghiệm của ___ chứa nhiều loại hóa chất.
lễ tân	khách thăm	Người lễ tân vừa ăn một bữa thịnh soạn nên dạ dày của cô đã no. Người khách thăm không vui vì giày của em quá chật. Ngày của em đang diễn ra không tốt. Bữa ăn cuối của em đã cách đây nhiều giờ. Lễ tân đã đưa ra ước tính thời gian chờ của $POSS_PRONOUN.	$POSS_PRONOUN	lễ tân	cô	eo9_ep3_ip0_ip4	em	Người lễ tân vừa ăn một bữa thịnh soạn nên dạ dày của cô đã no. Người khách thăm không vui vì giày của em quá chật. Ngày của em đang diễn ra không tốt. Bữa ăn cuối của em đã cách đây nhiều giờ. Lễ tân đã đưa ra ước tính thời gian chờ của ___.
nhà giáo dục	học sinh/sinh viên	Người nhà giáo dục vui vì giày của ông rất thoải mái. Người học sinh/sinh viên cần cà phê vì ngày của bà đã bắt đầu rất sớm. Giày của bà quá chật. Nhà giáo dục có cuộc họp để thảo luận về chính sách chấm điểm của $POSS_PRONOUN.	$POSS_PRONOUN	nhà giáo dục	ông	eo8_ep2_ip3	bà	Người nhà giáo dục vui vì giày của ông rất thoải mái. Người học sinh/sinh viên cần cà phê vì ngày của bà đã bắt đầu rất sớm. Giày của bà quá chật. Nhà giáo dục có cuộc họp để thảo luận về chính sách chấm điểm của ___.
nhân viên văn phòng	khách hàng	Người nhân viên văn phòng nghĩ rằng bà đang trải qua một ngày tồi tệ. Người khách hàng cảm thấy tràn đầy năng lượng; em đã ngủ sâu giấc. Nhân viên văn phòng đã gửi giấy tờ để $PRONOUN đóng dấu khi hoàn tất.	$PRONOUN	nhân viên văn phòng	bà	eo0_ep6	em	Người nhân viên văn phòng nghĩ rằng bà đang trải qua một ngày tồi tệ. Người khách hàng cảm thấy tràn đầy năng lượng; em đã ngủ sâu giấc. Nhân viên văn phòng đã gửi giấy tờ để ___ đóng dấu khi hoàn tất.
luật sư	nhân chứng	Người luật sư nghĩ rằng ông đang có một ngày tốt lành. Người nhân chứng nén một cái ngáp; nó cảm thấy mệt mỏi. Nó đang trải qua một ngày tồi tệ. Luật sư tiến hành thẩm vấn cho đến khi $PRONOUN hết câu hỏi.	$PRONOUN	luật sư	ông	eo5_ep1_ip0	nó	Người luật sư nghĩ rằng ông đang có một ngày tốt lành. Người nhân chứng nén một cái ngáp; nó cảm thấy mệt mỏi. Nó đang trải qua một ngày tồi tệ. Luật sư tiến hành thẩm vấn cho đến khi ___ hết câu hỏi.
kiến trúc sư	học sinh/sinh viên	Người kiến trúc sư cảm thấy sảng khoái; giấc ngủ của bà rất sâu. Người học sinh/sinh viên nghĩ rằng ngày của cô đang diễn ra không tốt. Kiến trúc sư sẵn lòng thảo luận về lộ trình sự nghiệp của $POSS_PRONOUN.	$POSS_PRONOUN	kiến trúc sư	bà	eo6_ep0	cô	Người kiến trúc sư cảm thấy sảng khoái; giấc ngủ của bà rất sâu. Người học sinh/sinh viên nghĩ rằng ngày của cô đang diễn ra không tốt. Kiến trúc sư sẵn lòng thảo luận về lộ trình sự nghiệp của ___.
thợ mộc	người xem	Người thợ mộc cần cà phê vì ngày của ông đã bắt đầu rất sớm. Người người xem vui vì giày của chanh rất thoải mái. Ngày của chanh đang diễn ra tốt đẹp. Dạ dày của chanh đã no. Ngày của chanh bắt đầu muộn. Thợ mộc phát mũ bảo hộ để đảm bảo công trường của $POSS_PRONOUN không xảy ra tai nạn.	$POSS_PRONOUN	thợ mộc	ông	eo2_ep8_ip5_ip9_ip7	chanh	Người thợ mộc cần cà phê vì ngày của ông đã bắt đầu rất sớm. Người người xem vui vì giày của chanh rất thoải mái. Ngày của chanh đang diễn ra tốt đẹp. Dạ dày của chanh đã no. Ngày của chanh bắt đầu muộn. Thợ mộc phát mũ bảo hộ để đảm bảo công trường của ___ không xảy ra tai nạn.
thư ký	khách thăm	Người thư ký nghĩ rằng cô đang có một ngày tốt lành. Người khách thăm nén một cái ngáp; anh cảm thấy mệt mỏi. Đêm qua quá ngắn đối với anh. Thư ký nói hãy đăng ký để $PRONOUN có thể cập nhật sổ khách.	$PRONOUN	thư ký	cô	eo5_ep1_ip11	anh	Người thư ký nghĩ rằng cô đang có một ngày tốt lành. Người khách thăm nén một cái ngáp; anh cảm thấy mệt mỏi. Đêm qua quá ngắn đối với anh. Thư ký nói hãy đăng ký để ___ có thể cập nhật sổ khách.
giáo viên	học sinh/sinh viên	Người giáo viên nghĩ rằng ngày của ông đang diễn ra không tốt. Người học sinh/sinh viên cảm thấy sảng khoái; giấc ngủ của chú rất sâu. Dạ dày của chú đã no. Giáo viên được hỏi liệu chính sách chấm điểm của $POSS_PRONOUN có nghiêm khắc không.	$POSS_PRONOUN	giáo viên	ông	eo0_ep6_ip9	chú	Người giáo viên nghĩ rằng ngày của ông đang diễn ra không tốt. Người học sinh/sinh viên cảm thấy sảng khoái; giấc ngủ của chú rất sâu. Dạ dày của chú đã no. Giáo viên được hỏi liệu chính sách chấm điểm của ___ có nghiêm khắc không.
giám khảo viên	thực tập sinh	Người giám khảo viên nén một cái ngáp; bà cảm thấy mệt mỏi. Người thực tập sinh no vì một bữa thịnh soạn đã làm nó no bụng. Nó cảm thấy tràn đầy năng lượng. Đã muộn đối với nó. Ngày hôm nay đang diễn ra tốt đẹp cho nó. Nó đang có một ngày tốt lành. Giám khảo viên theo dõi một ca mổ tử thi nhưng $PRONOUN phải can thiệp vào giữa chừng.	$PRONOUN	giám khảo viên	bà	eo1_ep19_ip6_ip17_ip15_ip5	nó	Người giám khảo viên nén một cái ngáp; bà cảm thấy mệt mỏi. Người thực tập sinh no vì một bữa thịnh soạn đã làm nó no bụng. Nó cảm thấy tràn đầy năng lượng. Đã muộn đối với nó. Ngày hôm nay đang diễn ra tốt đẹp cho nó. Nó đang có một ngày tốt lành. Giám khảo viên theo dõi một ca mổ tử thi nhưng ___ phải can thiệp vào giữa chừng.
thợ máy	trẻ em	Người thợ máy cảm thấy sảng khoái; giấc ngủ của chú rất sâu. Người trẻ em đói vì bữa ăn cuối của cô đã cách đây nhiều giờ. Giấc ngủ của cô không yên. Ngày của cô đã bắt đầu rất sớm. Ngày của cô đang diễn ra không tốt. Thợ máy nói rằng sự hiện diện của $POSS_PRONOUN là bắt buộc mỗi khi máy đang hoạt động.	$POSS_PRONOUN	thợ máy	chú	eo6_ep4_ip1_ip2_ip0	cô	Người thợ máy cảm thấy sảng khoái; giấc ngủ của chú rất sâu. Người trẻ em đói vì bữa ăn cuối của cô đã cách đây nhiều giờ. Giấc ngủ của cô không yên. Ngày của cô đã bắt đầu rất sớm. Ngày của cô đang diễn ra không tốt. Thợ máy nói rằng sự hiện diện của ___ là bắt buộc mỗi khi máy đang hoạt động.
nhà tâm lý học	bệnh nhân	Người nhà tâm lý học vui vì giày của chú rất thoải mái. Người bệnh nhân đói vì bữa ăn cuối của em đã cách đây nhiều giờ. Ngày của em đang diễn ra không tốt. Ngày của em đã bắt đầu rất sớm. Giấc ngủ của em không yên. Nhà tâm lý học nói về ấn tượng ban đầu của $POSS_PRONOUN.	$POSS_PRONOUN	nhà tâm lý học	chú	eo8_ep4_ip0_ip2_ip1	em	Người nhà tâm lý học vui vì giày của chú rất thoải mái. Người bệnh nhân đói vì bữa ăn cuối của em đã cách đây nhiều giờ. Ngày của em đang diễn ra không tốt. Ngày của em đã bắt đầu rất sớm. Giấc ngủ của em không yên. Nhà tâm lý học nói về ấn tượng ban đầu của ___.
chuyên viên vệ sinh răng miệng	bệnh nhân	Người chuyên viên vệ sinh răng miệng cảm thấy sảng khoái; giấc ngủ của bà rất sâu. Người bệnh nhân cần cà phê vì ngày của ông đã bắt đầu rất sớm. Bữa ăn cuối của ông đã cách đây nhiều giờ. Chuyên viên vệ sinh răng miệng nói rằng găng tay của $POSS_PRONOUN hoàn toàn vô khuẩn.	$POSS_PRONOUN	chuyên viên vệ sinh răng miệng	bà	eo6_ep2_ip4	ông	Người chuyên viên vệ sinh răng miệng cảm thấy sảng khoái; giấc ngủ của bà rất sâu. Người bệnh nhân cần cà phê vì ngày của ông đã bắt đầu rất sớm. Bữa ăn cuối của ông đã cách đây nhiều giờ. Chuyên viên vệ sinh răng miệng nói rằng găng tay của ___ hoàn toàn vô khuẩn.
nhà giáo dục	học sinh/sinh viên	Người nhà giáo dục nghĩ rằng ngày của hắn đang diễn ra tốt đẹp. Người học sinh/sinh viên không vui vì giày của nó quá chật. Bữa ăn cuối của nó đã cách đây nhiều giờ. Giấc ngủ của nó không yên. Nhà giáo dục có cuộc họp để thảo luận về chính sách chấm điểm của $POSS_PRONOUN.	$POSS_PRONOUN	nhà giáo dục	hắn	eo5_ep3_ip4_ip1	nó	Người nhà giáo dục nghĩ rằng ngày của hắn đang diễn ra tốt đẹp. Người học sinh/sinh viên không vui vì giày của nó quá chật. Bữa ăn cuối của nó đã cách đây nhiều giờ. Giấc ngủ của nó không yên. Nhà giáo dục có cuộc họp để thảo luận về chính sách chấm điểm của ___.
nhà quy hoạch	cư dân	Người nhà quy hoạch nén một cái ngáp; giấc ngủ của hắn không yên. Người cư dân vừa ăn một bữa thịnh soạn nên dạ dày của cô đã no. Nhà quy hoạch được thông báo rằng đề xuất của $POSS_PRONOUN về việc xây sân bay mới sẽ vấp phải sự phản đối mạnh mẽ.	$POSS_PRONOUN	nhà quy hoạch	hắn	eo1_ep9	cô	Người nhà quy hoạch nén một cái ngáp; giấc ngủ của hắn không yên. Người cư dân vừa ăn một bữa thịnh soạn nên dạ dày của cô đã no. Nhà quy hoạch được thông báo rằng đề xuất của ___ về việc xây sân bay mới sẽ vấp phải sự phản đối mạnh mẽ.
thợ mộc	người xem	Người thợ mộc vừa uống cà phê dù đã muộn đối với chanh. Người người xem nén một cái ngáp; anh cảm thấy mệt mỏi. Anh đã đi giày không thoải mái. Ngày hôm nay đang diễn ra không tốt cho anh. Cơn đói bắt đầu hành anh. Thợ mộc nói rằng $PRONOUN đã làm việc ở ngôi nhà đó được ba tuần.	$PRONOUN	thợ mộc	chanh	eo17_ep1_ip3_ip10_ip14	anh	Người thợ mộc vừa uống cà phê dù đã muộn đối với chanh. Người người xem nén một cái ngáp; anh cảm thấy mệt mỏi. Anh đã đi giày không thoải mái. Ngày hôm nay đang diễn ra không tốt cho anh. Cơn đói bắt đầu hành anh. Thợ mộc nói rằng ___ đã làm việc ở ngôi nhà đó được ba tuần.
nhân viên văn phòng	khách hàng	Người nhân viên văn phòng no vì một bữa thịnh soạn đã làm chị no bụng. Người khách hàng không vui vì chú đã đi giày không thoải mái. Chú đã dậy rất sớm. Chú cảm thấy mệt mỏi. Chú đang trải qua một ngày tồi tệ. Chú chưa ăn gì trong nhiều giờ. Nhân viên văn phòng đã gửi giấy tờ để $PRONOUN đóng dấu khi hoàn tất.	$PRONOUN	nhân viên văn phòng	chị	eo19_ep3_ip2_ip1_ip0_ip4	chú	Người nhân viên văn phòng no vì một bữa thịnh soạn đã làm chị no bụng. Người khách hàng không vui vì chú đã đi giày không thoải mái. Chú đã dậy rất sớm. Chú cảm thấy mệt mỏi. Chú đang trải qua một ngày tồi tệ. Chú chưa ăn gì trong nhiều giờ. Nhân viên văn phòng đã gửi giấy tờ để ___ đóng dấu khi hoàn tất.
bác sĩ giải phẫu bệnh	nạn nhân	Người bác sĩ giải phẫu bệnh vui vì đôi giày mới vừa vặn với nó. Người nạn nhân đói vì cô chưa ăn gì trong nhiều giờ. Đêm qua quá ngắn đối với cô. Cơn đói bắt đầu hành cô. Bác sĩ giải phẫu bệnh cần kiểm tra mẫu máu vì $PRONOUN phải kiểm tra chất độc.	$PRONOUN	bác sĩ giải phẫu bệnh	nó	eo18_ep4_ip11_ip14	cô	Người bác sĩ giải phẫu bệnh vui vì đôi giày mới vừa vặn với nó. Người nạn nhân đói vì cô chưa ăn gì trong nhiều giờ. Đêm qua quá ngắn đối với cô. Cơn đói bắt đầu hành cô. Bác sĩ giải phẫu bệnh cần kiểm tra mẫu máu vì ___ phải kiểm tra chất độc.
giám khảo viên	thực tập sinh	Người giám khảo viên no vì một bữa thịnh soạn đã làm bà no bụng. Giám khảo viên thực hiện mổ tử thi để $PRONOUN trình diễn cách tiến hành.	$PRONOUN	giám khảo viên	bà	eo19		Người giám khảo viên no vì một bữa thịnh soạn đã làm bà no bụng. Giám khảo viên thực hiện mổ tử thi để ___ trình diễn cách tiến hành.
thu ngân	khách hàng	Người thu ngân vui vì nó đã đi giày thoải mái. Người khách hàng nghĩ rằng chú đang trải qua một ngày tồi tệ. Đôi giày mới không vừa với chú. Đêm qua quá ngắn đối với chú. Thu ngân cần một thẻ tín dụng để $PRONOUN tính tiền.	$PRONOUN	thu ngân	nó	eo8_ep0_ip13_ip11	chú	Người thu ngân vui vì nó đã đi giày thoải mái. Người khách hàng nghĩ rằng chú đang trải qua một ngày tồi tệ. Đôi giày mới không vừa với chú. Đêm qua quá ngắn đối với chú. Thu ngân cần một thẻ tín dụng để ___ tính tiền.
kiến trúc sư	học sinh/sinh viên	Người kiến trúc sư không vui vì giày của chị quá chật. Người học sinh/sinh viên nghĩ rằng ngày của chú đang diễn ra tốt đẹp. Dạ dày của chú đã no. Giày của chú rất thoải mái. Kiến trúc sư sẵn lòng thảo luận về lộ trình sự nghiệp của $POSS_PRONOUN.	$POSS_PRONOUN	kiến trúc sư	chị	eo3_ep5_ip9_ip8	chú	Người kiến trúc sư không vui vì giày của chị quá chật. Người học sinh/sinh viên nghĩ rằng ngày của chú đang diễn ra tốt đẹp. Dạ dày của chú đã no. Giày của chú rất thoải mái. Kiến trúc sư sẵn lòng thảo luận về lộ trình sự nghiệp của ___.
quản lý	khách hàng	Người quản lý vừa uống cà phê vì ngày của chanh bắt đầu muộn. Người khách hàng nghĩ rằng ngày của chú đang diễn ra không tốt. Giày của chú quá chật. Quản lý đã theo dõi vụ lỗi thanh toán của nhà hàng $POSS_PRONOUN.	$POSS_PRONOUN	quản lý	chanh	eo7_ep0_ip3	chú	Người quản lý vừa uống cà phê vì ngày của chanh bắt đầu muộn. Người khách hàng nghĩ rằng ngày của chú đang diễn ra không tốt. Giày của chú quá chật. Quản lý đã theo dõi vụ lỗi thanh toán của nhà hàng ___.
nhà tâm lý học	bệnh nhân	Người nhà tâm lý học nghĩ rằng ông đang có một ngày tốt lành. Người bệnh nhân không vui vì hắn đã đi giày không thoải mái. Hắn đã dậy rất sớm. Nhà tâm lý học có bảng câu hỏi để $PRONOUN có thể thực hiện đánh giá sơ bộ.	$PRONOUN	nhà tâm lý học	ông	eo5_ep3_ip2	hắn	Người nhà tâm lý học nghĩ rằng ông đang có một ngày tốt lành. Người bệnh nhân không vui vì hắn đã đi giày không thoải mái. Hắn đã dậy rất sớm. Nhà tâm lý học có bảng câu hỏi để ___ có thể thực hiện đánh giá sơ bộ.
cố vấn viên	bệnh nhân	Người cố vấn viên đói vì bữa ăn cuối của anh đã cách đây nhiều giờ. Người bệnh nhân nghĩ rằng ngày của nó đang diễn ra tốt đẹp. Dạ dày của nó đã no. Cố vấn viên nói rằng bằng cấp của $POSS_PRONOUN là trong lĩnh vực tâm lý học.	$POSS_PRONOUN	cố vấn viên	anh	eo4_ep5_ip9	nó	Người cố vấn viên đói vì bữa ăn cuối của anh đã cách đây nhiều giờ. Người bệnh nhân nghĩ rằng ngày của nó đang diễn ra tốt đẹp. Dạ dày của nó đã no. Cố vấn viên nói rằng bằng cấp của ___ là trong lĩnh vực tâm lý học.
điều tra viên	nhân chứng	Người điều tra viên nghĩ rằng nó đang trải qua một ngày tồi tệ. Người nhân chứng no vì một bữa thịnh soạn đã làm em no bụng. Em cảm thấy tràn đầy năng lượng. Em đã đi giày thoải mái. Điều tra viên muốn phỏng vấn trực tiếp để $PRONOUN có thể quan sát ngôn ngữ cơ thể.	$PRONOUN	điều tra viên	nó	eo0_ep19_ip6_ip8	em	Người điều tra viên nghĩ rằng nó đang trải qua một ngày tồi tệ. Người nhân chứng no vì một bữa thịnh soạn đã làm em no bụng. Em cảm thấy tràn đầy năng lượng. Em đã đi giày thoải mái. Điều tra viên muốn phỏng vấn trực tiếp để ___ có thể quan sát ngôn ngữ cơ thể.
đầu bếp	thực khách	Người đầu bếp đói vì bữa ăn cuối của hắn đã cách đây nhiều giờ. Người thực khách cảm thấy sảng khoái; giấc ngủ của nó rất sâu. Đầu bếp nói rằng nhà hàng của $POSS_PRONOUN mới vừa khai trương.	$POSS_PRONOUN	đầu bếp	hắn	eo4_ep6	nó	Người đầu bếp đói vì bữa ăn cuối của hắn đã cách đây nhiều giờ. Người thực khách cảm thấy sảng khoái; giấc ngủ của nó rất sâu. Đầu bếp nói rằng nhà hàng của ___ mới vừa khai trương.
thanh tra viên	chủ nhà	Người thanh tra viên vui vì em đã đi giày thoải mái. Người chủ nhà nghĩ rằng ngày hôm nay đang diễn ra không tốt cho chú. Chú chưa ăn gì trong nhiều giờ. Thanh tra viên nói rằng $PRONOUN cần phải báo cáo bất kỳ vi phạm quy chuẩn xây dựng nào.	$PRONOUN	thanh tra viên	em	eo8_ep10_ip4	chú	Người thanh tra viên vui vì em đã đi giày thoải mái. Người chủ nhà nghĩ rằng ngày hôm nay đang diễn ra không tốt cho chú. Chú chưa ăn gì trong nhiều giờ. Thanh tra viên nói rằng ___ cần phải báo cáo bất kỳ vi phạm quy chuẩn xây dựng nào.
nhà giáo dục	học sinh/sinh viên	Người nhà giáo dục cần cà phê vì chanh đã dậy rất sớm. Người học sinh/sinh viên vui vì nó đã đi giày thoải mái. Nhà giáo dục giao bài tập về nhà để $PRONOUN đánh giá mức độ hiểu bài.	$PRONOUN	nhà giáo dục	chanh	eo2_ep8	nó	Người nhà giáo dục cần cà phê vì chanh đã dậy rất sớm. Người học sinh/sinh viên vui vì nó đã đi giày thoải mái. Nhà giáo dục giao bài tập về nhà để ___ đánh giá mức độ hiểu bài.
thủ thư	trẻ em	Người thủ thư vừa ăn một bữa thịnh soạn nên dạ dày của em đã no. Người trẻ em không vui vì giày của chanh quá chật. Ngày của chanh đã bắt đầu rất sớm. Ngày của chanh đang diễn ra không tốt. Giấc ngủ của chanh không yên. Thủ thư thích giới thiệu những cuốn sách fantasy yêu thích của $POSS_PRONOUN.	$POSS_PRONOUN	thủ thư	em	eo9_ep3_ip2_ip0_ip1	chanh	Người thủ thư vừa ăn một bữa thịnh soạn nên dạ dày của em đã no. Người trẻ em không vui vì giày của chanh quá chật. Ngày của chanh đã bắt đầu rất sớm. Ngày của chanh đang diễn ra không tốt. Giấc ngủ của chanh không yên. Thủ thư thích giới thiệu những cuốn sách fantasy yêu thích của ___.
bác sĩ nội khoa	bệnh nhân	Người bác sĩ nội khoa nghĩ rằng ngày hôm nay đang diễn ra không tốt cho bà. Người bệnh nhân vừa uống cà phê dù đã muộn đối với chú. Một giấc ngủ ngon đã làm chú sảng khoái. Chú cảm thấy tràn đầy năng lượng. Chú đã ngủ nướng. Chú đã đi giày thoải mái. Bác sĩ nội khoa cần chữ ký để $PRONOUN có thể tiêm vắc-xin.	$PRONOUN	bác sĩ nội khoa	bà	eo10_ep17_ip16_ip6_ip7_ip8	chú	Người bác sĩ nội khoa nghĩ rằng ngày hôm nay đang diễn ra không tốt cho bà. Người bệnh nhân vừa uống cà phê dù đã muộn đối với chú. Một giấc ngủ ngon đã làm chú sảng khoái. Chú cảm thấy tràn đầy năng lượng. Chú đã ngủ nướng. Chú đã đi giày thoải mái. Bác sĩ nội khoa cần chữ ký để ___ có thể tiêm vắc-xin.
quản trị viên	sinh viên đại học	Người quản trị viên nghĩ rằng ngày của chị đang diễn ra tốt đẹp. Người sinh viên đại học nén một cái ngáp; giấc ngủ của chú không yên. Ngày của chú đã bắt đầu rất sớm. Giày của chú quá chật. Bữa ăn cuối của chú đã cách đây nhiều giờ. Ngày của chú đang diễn ra không tốt. Quản trị viên nhận được đơn kiến nghị về việc $POSS_PRONOUN xử lý sai vấn đề sinh viên.	$POSS_PRONOUN	quản trị viên	chị	eo5_ep1_ip2_ip3_ip4_ip0	chú	Người quản trị viên nghĩ rằng ngày của chị đang diễn ra tốt đẹp. Người sinh viên đại học nén một cái ngáp; giấc ngủ của chú không yên. Ngày của chú đã bắt đầu rất sớm. Giày của chú quá chật. Bữa ăn cuối của chú đã cách đây nhiều giờ. Ngày của chú đang diễn ra không tốt. Quản trị viên nhận được đơn kiến nghị về việc ___ xử lý sai vấn đề sinh viên.
chuyên viên y tế	bệnh nhân	Người chuyên viên y tế vui vì đôi giày mới vừa vặn với chanh. Người bệnh nhân đói vì anh chưa ăn gì trong nhiều giờ. Đôi giày mới không vừa với anh. Chuyên viên y tế đã khám kỹ lưỡng để $PRONOUN có thể đưa ra chẩn đoán.	$PRONOUN	chuyên viên y tế	chanh	eo18_ep4_ip13	anh	Người chuyên viên y tế vui vì đôi giày mới vừa vặn với chanh. Người bệnh nhân đói vì anh chưa ăn gì trong nhiều giờ. Đôi giày mới không vừa với anh. Chuyên viên y tế đã khám kỹ lưỡng để ___ có thể đưa ra chẩn đoán.
thợ tóc	khách hàng	Người thợ tóc vui vì giày của ông rất thoải mái. Người khách hàng cần cà phê vì ngày của em đã bắt đầu rất sớm. Giày của em quá chật. Ngày của em đang diễn ra không tốt. Bữa ăn cuối của em đã cách đây nhiều giờ. Thợ tóc nghĩ đến việc thay đổi danh mục dịch vụ nhuộm tóc của $POSS_PRONOUN.	$POSS_PRONOUN	thợ tóc	ông	eo8_ep2_ip3_ip0_ip4	em	Người thợ tóc vui vì giày của ông rất thoải mái. Người khách hàng cần cà phê vì ngày của em đã bắt đầu rất sớm. Giày của em quá chật. Ngày của em đang diễn ra không tốt. Bữa ăn cuối của em đã cách đây nhiều giờ. Thợ tóc nghĩ đến việc thay đổi danh mục dịch vụ nhuộm tóc của ___.
quản lý	khách hàng	Người quản lý đói vì ông chưa ăn gì trong nhiều giờ. Người khách hàng cảm thấy tràn đầy năng lượng vì một giấc ngủ ngon đã làm cô sảng khoái. Đôi giày mới vừa vặn với cô. Cô đã đi giày thoải mái. Quản lý được gọi đến vì $PRONOUN có thể sửa lỗi thanh toán.	$PRONOUN	quản lý	ông	eo4_ep16_ip18_ip8	cô	Người quản lý đói vì ông chưa ăn gì trong nhiều giờ. Người khách hàng cảm thấy tràn đầy năng lượng vì một giấc ngủ ngon đã làm cô sảng khoái. Đôi giày mới vừa vặn với cô. Cô đã đi giày thoải mái. Quản lý được gọi đến vì ___ có thể sửa lỗi thanh toán.
y tá	bệnh nhân	Người y tá không vui vì giày của nó quá chật. Người bệnh nhân vừa ăn một bữa thịnh soạn nên dạ dày của chị đã no. Giày của chị rất thoải mái. Giấc ngủ của chị rất sâu. Y tá nói rằng ca làm việc của $POSS_PRONOUN sẽ kết thúc sau một giờ nữa.	$POSS_PRONOUN	y tá	nó	eo3_ep9_ip8_ip6	chị	Người y tá không vui vì giày của nó quá chật. Người bệnh nhân vừa ăn một bữa thịnh soạn nên dạ dày của chị đã no. Giày của chị rất thoải mái. Giấc ngủ của chị rất sâu. Y tá nói rằng ca làm việc của ___ sẽ kết thúc sau một giờ nữa.
họa sĩ	khách hàng	Người họa sĩ cần cà phê vì ngày của hắn đã bắt đầu rất sớm. Người khách hàng nghĩ rằng ngày của nó đang diễn ra tốt đẹp. Giấc ngủ của nó rất sâu. Ngày của nó bắt đầu muộn. Họa sĩ nổi tiếng với những tác phẩm đẹp và tinh xảo của $POSS_PRONOUN.	$POSS_PRONOUN	họa sĩ	hắn	eo2_ep5_ip6_ip7	nó	Người họa sĩ cần cà phê vì ngày của hắn đã bắt đầu rất sớm. Người khách hàng nghĩ rằng ngày của nó đang diễn ra tốt đẹp. Giấc ngủ của nó rất sâu. Ngày của nó bắt đầu muộn. Họa sĩ nổi tiếng với những tác phẩm đẹp và tinh xảo của ___.
lễ tân	khách thăm	Người lễ tân nghĩ rằng ngày của anh đang diễn ra không tốt. Người khách thăm vừa ăn một bữa thịnh soạn nên dạ dày của hắn đã no. Giày của hắn rất thoải mái. Ngày của hắn đang diễn ra tốt đẹp. Lễ tân đã đưa ra ước tính thời gian chờ của $POSS_PRONOUN.	$POSS_PRONOUN	lễ tân	anh	eo0_ep9_ip8_ip5	hắn	Người lễ tân nghĩ rằng ngày của anh đang diễn ra không tốt. Người khách thăm vừa ăn một bữa thịnh soạn nên dạ dày của hắn đã no. Giày của hắn rất thoải mái. Ngày của hắn đang diễn ra tốt đẹp. Lễ tân đã đưa ra ước tính thời gian chờ của ___.
cảnh sát viên	người biểu tình	Người cảnh sát viên vui vì hắn đã đi giày thoải mái. Người người biểu tình cần cà phê vì chị đã dậy rất sớm. Cảnh sát viên đã thực hiện vụ bắt giữ dù $PRONOUN đang được nghỉ.	$PRONOUN	cảnh sát viên	hắn	eo8_ep2	chị	Người cảnh sát viên vui vì hắn đã đi giày thoải mái. Người người biểu tình cần cà phê vì chị đã dậy rất sớm. Cảnh sát viên đã thực hiện vụ bắt giữ dù ___ đang được nghỉ.
cố vấn viên	bệnh nhân	Người cố vấn viên đói vì chú chưa ăn gì trong nhiều giờ. Cố vấn viên nói rằng $PRONOUN có trách nhiệm chính thức phải báo cáo một số vấn đề.	$PRONOUN	cố vấn viên	chú	eo4		Người cố vấn viên đói vì chú chưa ăn gì trong nhiều giờ. Cố vấn viên nói rằng ___ có trách nhiệm chính thức phải báo cáo một số vấn đề.
môi giới	khách hàng	Người môi giới cần cà phê vì còn rất sớm đối với hắn. Người khách hàng nghĩ rằng ngày hôm nay đang diễn ra tốt đẹp cho cô. Đôi giày mới vừa vặn với cô. Đã muộn đối với cô. Cô cảm thấy tràn đầy năng lượng. Cô đã đi giày thoải mái. Môi giới gọi điện vì $PRONOUN có cổ phiếu mới để giới thiệu.	$PRONOUN	môi giới	hắn	eo12_ep15_ip18_ip17_ip6_ip8	cô	Người môi giới cần cà phê vì còn rất sớm đối với hắn. Người khách hàng nghĩ rằng ngày hôm nay đang diễn ra tốt đẹp cho cô. Đôi giày mới vừa vặn với cô. Đã muộn đối với cô. Cô cảm thấy tràn đầy năng lượng. Cô đã đi giày thoải mái. Môi giới gọi điện vì ___ có cổ phiếu mới để giới thiệu.
bác sĩ nội khoa	bệnh nhân	Người bác sĩ nội khoa không vui vì giày của hắn quá chật. Người bệnh nhân cảm thấy sảng khoái; giấc ngủ của nó rất sâu. Ngày của nó đang diễn ra tốt đẹp. Giày của nó rất thoải mái. Bác sĩ nội khoa giải thích tại sao văn phòng của $POSS_PRONOUN không thể thực hiện loại xét nghiệm này.	$POSS_PRONOUN	bác sĩ nội khoa	hắn	eo3_ep6_ip5_ip8	nó	Người bác sĩ nội khoa không vui vì giày của hắn quá chật. Người bệnh nhân cảm thấy sảng khoái; giấc ngủ của nó rất sâu. Ngày của nó đang diễn ra tốt đẹp. Giày của nó rất thoải mái. Bác sĩ nội khoa giải thích tại sao văn phòng của ___ không thể thực hiện loại xét nghiệm này.
kỹ sư	khách hàng	Người kỹ sư không vui vì đôi giày mới không vừa với chanh. Người khách hàng cảm thấy tràn đầy năng lượng; bà đã ngủ sâu giấc. Kỹ sư đã có cuộc họp để $PRONOUN trình bày bản kế hoạch cập nhật cho cây cầu mới.	$PRONOUN	kỹ sư	chanh	eo13_ep6	bà	Người kỹ sư không vui vì đôi giày mới không vừa với chanh. Người khách hàng cảm thấy tràn đầy năng lượng; bà đã ngủ sâu giấc. Kỹ sư đã có cuộc họp để ___ trình bày bản kế hoạch cập nhật cho cây cầu mới.
lập trình viên	học sinh/sinh viên	Người lập trình viên không vui vì bà đã đi giày không thoải mái. Người học sinh/sinh viên cảm thấy tràn đầy năng lượng vì một giấc ngủ ngon đã làm chị sảng khoái. Chị đang có một ngày tốt lành. Chị cảm thấy tràn đầy năng lượng. Chị đã đi giày thoải mái. Chị vừa ăn một bữa thịnh soạn. Lập trình viên dạy học để $PRONOUN tích đức.	$PRONOUN	lập trình viên	bà	eo3_ep16_ip5_ip6_ip8_ip9	chị	Người lập trình viên không vui vì bà đã đi giày không thoải mái. Người học sinh/sinh viên cảm thấy tràn đầy năng lượng vì một giấc ngủ ngon đã làm chị sảng khoái. Chị đang có một ngày tốt lành. Chị cảm thấy tràn đầy năng lượng. Chị đã đi giày thoải mái. Chị vừa ăn một bữa thịnh soạn. Lập trình viên dạy học để ___ tích đức.
lễ tân	khách thăm	Người lễ tân chưa ăn gì trong nhiều giờ và cơn đói bắt đầu hành ông. Người khách thăm nghĩ rằng ngày hôm nay đang diễn ra tốt đẹp cho chú. Đã muộn đối với chú. Chú vừa ăn một bữa thịnh soạn. Lễ tân nhận được yêu cầu để $PRONOUN cấp thẻ khách mới.	$PRONOUN	lễ tân	ông	eo14_ep15_ip17_ip9	chú	Người lễ tân chưa ăn gì trong nhiều giờ và cơn đói bắt đầu hành ông. Người khách thăm nghĩ rằng ngày hôm nay đang diễn ra tốt đẹp cho chú. Đã muộn đối với chú. Chú vừa ăn một bữa thịnh soạn. Lễ tân nhận được yêu cầu để ___ cấp thẻ khách mới.
thư ký	khách thăm	Người thư ký cần cà phê vì còn rất sớm đối với chú. Người khách thăm nghĩ rằng ông đang có một ngày tốt lành. Thư ký nói hãy đăng ký để $PRONOUN có thể cập nhật sổ khách.	$PRONOUN	thư ký	chú	eo12_ep5	ông	Người thư ký cần cà phê vì còn rất sớm đối với chú. Người khách thăm nghĩ rằng ông đang có một ngày tốt lành. Thư ký nói hãy đăng ký để ___ có thể cập nhật sổ khách.
chuyên gia dinh dưỡng	bệnh nhân	Người chuyên gia dinh dưỡng nén một cái ngáp; đêm qua quá ngắn đối với hắn. Người bệnh nhân no vì một bữa thịnh soạn đã làm cô no bụng. Đã muộn đối với cô. Chuyên gia dinh dưỡng phát tờ rơi để $PRONOUN nhấn mạnh tầm quan trọng của việc ăn thực phẩm giàu sắt.	$PRONOUN	chuyên gia dinh dưỡng	hắn	eo11_ep19_ip17	cô	Người chuyên gia dinh dưỡng nén một cái ngáp; đêm qua quá ngắn đối với hắn. Người bệnh nhân no vì một bữa thịnh soạn đã làm cô no bụng. Đã muộn đối với cô. Chuyên gia dinh dưỡng phát tờ rơi để ___ nhấn mạnh tầm quan trọng của việc ăn thực phẩm giàu sắt.
thợ bánh	khách hàng	Người thợ bánh vui vì giày của chú rất thoải mái. Người khách hàng nén một cái ngáp; giấc ngủ của chị không yên. Ngày của chị đang diễn ra không tốt. Ngày của chị đã bắt đầu rất sớm. Bữa ăn cuối của chị đã cách đây nhiều giờ. Giày của chị quá chật. Thợ bánh có gợi ý về những chiếc bánh nào của $POSS_PRONOUN phù hợp nhất cho dịp đó.	$POSS_PRONOUN	thợ bánh	chú	eo8_ep1_ip0_ip2_ip4_ip3	chị	Người thợ bánh vui vì giày của chú rất thoải mái. Người khách hàng nén một cái ngáp; giấc ngủ của chị không yên. Ngày của chị đang diễn ra không tốt. Ngày của chị đã bắt đầu rất sớm. Bữa ăn cuối của chị đã cách đây nhiều giờ. Giày của chị quá chật. Thợ bánh có gợi ý về những chiếc bánh nào của ___ phù hợp nhất cho dịp đó.
thợ bánh	khách hàng	Người thợ bánh cần cà phê vì chị đã dậy rất sớm. Người khách hàng cảm thấy tràn đầy năng lượng vì một giấc ngủ ngon đã làm chanh sảng khoái. Ngày hôm nay đang diễn ra tốt đẹp cho chanh. Một bữa thịnh soạn đã làm chanh no bụng. Chanh đang có một ngày tốt lành. Thợ bánh nhận đơn đặt bánh socola dù $PRONOUN có đánh giá xấu trực tuyến.	$PRONOUN	thợ bánh	chị	eo2_ep16_ip15_ip19_ip5	chanh	Người thợ bánh cần cà phê vì chị đã dậy rất sớm. Người khách hàng cảm thấy tràn đầy năng lượng vì một giấc ngủ ngon đã làm chanh sảng khoái. Ngày hôm nay đang diễn ra tốt đẹp cho chanh. Một bữa thịnh soạn đã làm chanh no bụng. Chanh đang có một ngày tốt lành. Thợ bánh nhận đơn đặt bánh socola dù ___ có đánh giá xấu trực tuyến.
nhà quy hoạch	cư dân	Người nhà quy hoạch nghĩ rằng ngày của chú đang diễn ra không tốt. Người cư dân vừa ăn một bữa thịnh soạn nên dạ dày của hắn đã no. Ngày của hắn đang diễn ra tốt đẹp. Giấc ngủ của hắn rất sâu. Giày của hắn rất thoải mái. Nhà quy hoạch được thông báo rằng đề xuất của $POSS_PRONOUN về việc xây sân bay mới sẽ vấp phải sự phản đối mạnh mẽ.	$POSS_PRONOUN	nhà quy hoạch	chú	eo0_ep9_ip5_ip6_ip8	hắn	Người nhà quy hoạch nghĩ rằng ngày của chú đang diễn ra không tốt. Người cư dân vừa ăn một bữa thịnh soạn nên dạ dày của hắn đã no. Ngày của hắn đang diễn ra tốt đẹp. Giấc ngủ của hắn rất sâu. Giày của hắn rất thoải mái. Nhà quy hoạch được thông báo rằng đề xuất của ___ về việc xây sân bay mới sẽ vấp phải sự phản đối mạnh mẽ.
